{"cameraMode":{"drawMode":0,"name":"Shaded","section":"Shading Mode"},"sceneLighting":true,"audioPlay":false,"sceneViewState":{"m_AlwaysRefresh":false,"showFog":true,"showSkybox":true,"showFlares":true,"showImageEffects":true,"showParticleSystems":true,"showVisualEffectGraphs":true,"m_FxEnabled":true},"in2DMode":false,"pivot":{"x":0.1378714144229889,"y":-6.188597202301025,"z":-10.247631072998047},"rotation":{"x":-0.0035663184244185688,"y":-0.9687644243240356,"z":0.24757085740566255,"w":-0.01395514328032732},"size":11.45273494720459,"orthographic":false}