{"cameraMode":{"drawMode":0,"name":"Shaded","section":"Shading Mode"},"sceneLighting":true,"audioPlay":false,"sceneViewState":{"m_AlwaysRefresh":false,"showFog":true,"showSkybox":false,"showFlares":true,"showImageEffects":true,"showParticleSystems":true,"showVisualEffectGraphs":true,"m_FxEnabled":true},"in2DMode":false,"pivot":{"x":1.2985337972640992,"y":-0.11120159924030304,"z":0.3000926971435547},"rotation":{"x":-0.16623613238334657,"y":0.6622790694236755,"z":-0.15402311086654664,"w":-0.7142239809036255},"size":0.8660253882408142,"orthographic":false}