{"cameraMode":{"drawMode":0,"name":"Shaded","section":"Shading Mode"},"sceneLighting":false,"audioPlay":false,"sceneViewState":{"m_AlwaysRefresh":false,"showFog":true,"showSkybox":false,"showFlares":true,"showImageEffects":true,"showParticleSystems":true,"showVisualEffectGraphs":true,"m_FxEnabled":true},"in2DMode":false,"pivot":{"x":0.26418089866638186,"y":0.7671254277229309,"z":-12.719793319702149},"rotation":{"x":0.06525306403636933,"y":-0.055070169270038608,"z":0.003605462610721588,"w":0.9963518977165222},"size":1.4134050607681275,"orthographic":false}