{"cameraMode":{"drawMode":0,"name":"Shaded","section":"Shading Mode"},"sceneLighting":true,"audioPlay":false,"sceneViewState":{"m_AlwaysRefresh":false,"showFog":true,"showSkybox":true,"showFlares":true,"showImageEffects":true,"showParticleSystems":true,"showVisualEffectGraphs":true,"m_FxEnabled":true},"in2DMode":false,"pivot":{"x":-0.37219351530075076,"y":0.03621630743145943,"z":-11.446915626525879},"rotation":{"x":-0.33650144934654238,"y":0.3791316747665405,"z":-0.15022896230220796,"w":-0.8488292694091797},"size":2.272129774093628,"orthographic":false}