{"cameraMode":{"drawMode":0,"name":"Shaded","section":"Shading Mode"},"sceneLighting":true,"audioPlay":false,"sceneViewState":{"m_AlwaysRefresh":false,"showFog":true,"showSkybox":true,"showFlares":true,"showImageEffects":true,"showParticleSystems":true,"showVisualEffectGraphs":true,"m_FxEnabled":true},"in2DMode":false,"pivot":{"x":1465.503662109375,"y":811.2368774414063,"z":-1243.6343994140625},"rotation":{"x":-0.09433312714099884,"y":0.02638036571443081,"z":-0.0024356201756745579,"w":-0.9952667355537415},"size":0.8543341159820557,"orthographic":false}