{"cameraMode":{"drawMode":0,"name":"Shaded","section":"Shading Mode"},"sceneLighting":true,"audioPlay":false,"sceneViewState":{"m_AlwaysRefresh":false,"showFog":true,"showSkybox":true,"showFlares":true,"showImageEffects":true,"showParticleSystems":true,"showVisualEffectGraphs":true,"m_FxEnabled":true},"in2DMode":false,"pivot":{"x":11.547703742980957,"y":-11.113935470581055,"z":-20.405471801757814},"rotation":{"x":0.1646152287721634,"y":0.8327603936195374,"z":-0.33563026785850527,"w":0.4085671007633209},"size":11.542362213134766,"orthographic":false}